Game,Vistor,Home
01/01/2026,HOU,BKN
01/01/2026,MIA,DET
01/01/2026,PHI,DAL
01/01/2026,BOS,SAC
01/01/2026,UTA,LAC
01/02/2026,SAS,IND
01/02/2026,BKN,WAS
01/02/2026,DEN,CLE
01/02/2026,ATL,NYK
01/02/2026,ORL,CHI
01/02/2026,CHA,MIL
01/02/2026,POR,NOP
01/02/2026,SAC,PHX
01/02/2026,OKC,GSW
01/02/2026,MEM,LAL
01/03/2026,MIN,MIA
01/03/2026,PHI,NYK
01/03/2026,ATL,TOR
01/03/2026,CHA,CHI
01/03/2026,POR,SAS
01/03/2026,HOU,DAL
01/03/2026,UTA,GSW
01/03/2026,BOS,LAC
01/04/2026,DET,CLE
01/04/2026,IND,ORL
01/04/2026,DEN,BKN
01/04/2026,NOP,MIA
01/04/2026,MIN,WAS
01/04/2026,OKC,PHX
01/04/2026,MIL,SAC
01/04/2026,MEM,LAL
01/05/2026,NYK,DET
01/05/2026,CHI,BOS
01/05/2026,ATL,TOR
01/05/2026,PHX,HOU
01/05/2026,CHA,OKC
01/05/2026,DEN,PHI
01/05/2026,GSW,LAC
01/05/2026,UTA,POR
01/06/2026,CLE,IND
01/06/2026,ORL,WAS
01/06/2026,SAS,MEM
01/06/2026,MIA,MIN
01/06/2026,LAL,NOP
01/06/2026,DAL,SAC
01/07/2026,TOR,CHA
01/07/2026,CHI,DET
01/07/2026,WAS,PHI
01/07/2026,NOP,ATL
01/07/2026,DEN,BOS
01/07/2026,ORL,BKN
01/07/2026,LAC,NYK
01/07/2026,LAL,SAS
01/07/2026,PHX,MEM
01/07/2026,UTA,OKC
01/07/2026,MIL,GSW
01/07/2026,HOU,POR
01/08/2026,IND,CHA
01/08/2026,CLE,MIN
01/08/2026,DAL,UTA
01/09/2026,TOR,BOS
01/09/2026,PHI,ORL
01/09/2026,NOP,WAS
01/09/2026,LAC,BKN
01/09/2026,OKC,MEM
01/09/2026,ATL,DEN
01/09/2026,NYK,PHX
01/09/2026,SAC,GSW
01/09/2026,HOU,POR
01/09/2026,MIL,LAL
01/10/2026,MIN,CLE
01/10/2026,MIA,IND
01/10/2026,LAC,DET
01/10/2026,SAS,BOS
01/10/2026,DAL,CHI
01/10/2026,CHA,UTA
01/11/2026,NOP,ORL
01/11/2026,BKN,MEM
01/11/2026,PHI,TOR
01/11/2026,NYK,POR
01/11/2026,SAS,MIN
01/11/2026,MIA,OKC
01/11/2026,MIL,DEN
01/11/2026,WAS,PHX
01/11/2026,ATL,GSW
01/11/2026,HOU,SAC
01/12/2026,UTA,CLE
01/12/2026,BOS,IND
01/12/2026,PHI,TOR
01/12/2026,BKN,DAL
01/12/2026,LAL,SAC
01/12/2026,CHA,LAC
01/13/2026,PHX,MIA
01/13/2026,CHI,HOU
01/13/2026,MIN,MIL
01/13/2026,DEN,NOP
01/13/2026,SAS,OKC
01/13/2026,ATL,LAL
01/13/2026,POR,GSW
01/14/2026,TOR,IND
01/14/2026,CLE,PHI
01/14/2026,UTA,CHI
01/14/2026,BKN,NOP
01/14/2026,DEN,DAL
01/14/2026,NYK,SAC
01/14/2026,WAS,LAC
01/15/2026,MEM,ORL
01/15/2026,PHX,DET
01/15/2026,BOS,MIA
01/15/2026,OKC,HOU
01/15/2026,MIL,SAS
01/15/2026,UTA,DAL
01/15/2026,NYK,GSW
01/15/2026,ATL,POR
01/15/2026,CHA,LAL
01/16/2026,CHI,BKN
01/16/2026,NOP,IND
01/16/2026,CLE,PHI
01/16/2026,LAC,TOR
01/16/2026,MIN,HOU
01/16/2026,WAS,SAC
01/17/2026,UTA,DAL
01/17/2026,BOS,ATL
01/17/2026,IND,DET
01/17/2026,PHX,NYK
01/17/2026,OKC,MIA
01/17/2026,MIN,SAS
01/17/2026,CHA,GSW
01/17/2026,WAS,DEN
01/17/2026,LAL,POR
01/18/2026,ORL,MEM
01/18/2026,BKN,CHI
01/18/2026,NOP,HOU
01/18/2026,CHA,DEN
01/18/2026,POR,SAC
01/18/2026,TOR,LAL
01/19/2026,MIL,ATL
01/19/2026,OKC,CLE
01/19/2026,DAL,NYK
01/19/2026,BOS,DET
01/19/2026,LAC,WAS
01/19/2026,IND,PHI
01/19/2026,PHX,BKN
01/19/2026,UTA,SAS
01/19/2026,MIA,GSW
01/20/2026,PHX,PHI
01/20/2026,LAC,CHI
01/20/2026,SAS,HOU
01/20/2026,MIN,UTA
01/20/2026,LAL,DEN
01/20/2026,TOR,GSW
01/20/2026,MIA,SAC
01/21/2026,CLE,CHA
01/21/2026,IND,BOS
01/21/2026,BKN,NYK
01/21/2026,ATL,MEM
01/21/2026,DET,NOP
01/21/2026,OKC,MIL
01/21/2026,TOR,SAC
01/22/2026,CHA,ORL
01/22/2026,HOU,PHI
01/22/2026,DEN,WAS
01/22/2026,GSW,DAL
01/22/2026,CHI,MIN
01/22/2026,SAS,UTA
01/22/2026,LAL,LAC
01/22/2026,MIA,POR
01/23/2026,HOU,DET
01/23/2026,PHX,ATL
01/23/2026,BOS,BKN
01/23/2026,SAC,CLE
01/23/2026,NOP,MEM
01/23/2026,DEN,MIL
01/23/2026,IND,OKC
01/23/2026,TOR,POR
01/24/2026,NYK,PHI
01/24/2026,WAS,CHA
01/24/2026,CLE,ORL
01/24/2026,BOS,CHI
01/24/2026,LAL,DAL
01/24/2026,MIA,UTA
01/25/2026,GSW,MIN
01/25/2026,SAC,DET
01/25/2026,TOR,OKC
01/25/2026,NOP,SAS
01/25/2026,MIA,PHX
01/25/2026,BKN,LAC
01/26/2026,PHI,CHA
01/26/2026,ORL,CLE
01/26/2026,IND,ATL
01/26/2026,POR,BOS
01/26/2026,LAL,CHI
01/26/2026,MEM,HOU
01/26/2026,GSW,MIN
01/27/2026,POR,WAS
01/27/2026,SAC,NYK
01/27/2026,MIL,PHI
01/27/2026,NOP,OKC
01/27/2026,DET,DEN
01/27/2026,BKN,PHX
01/27/2026,LAC,UTA
01/28/2026,LAL,CLE
01/28/2026,CHI,IND
01/28/2026,ATL,BOS
01/28/2026,ORL,MIA
01/28/2026,NYK,TOR
01/28/2026,CHA,MEM
01/28/2026,MIN,DAL
01/28/2026,GSW,UTA
01/28/2026,SAS,HOU
01/29/2026,MIA,CHI
01/29/2026,SAC,PHI
01/29/2026,MIL,WAS
01/29/2026,HOU,ATL
01/29/2026,CHA,DAL
01/29/2026,BKN,DEN
01/29/2026,DET,PHX
01/29/2026,OKC,MIN
01/30/2026,TOR,ORL
01/30/2026,LAL,WAS
01/30/2026,SAC,BOS
01/30/2026,POR,NYK
01/30/2026,MEM,NOP
01/30/2026,CLE,PHX
01/30/2026,BKN,UTA
01/30/2026,LAC,DEN
01/30/2026,DET,GSW
01/31/2026,CHI,MIA
01/31/2026,SAS,CHA
01/31/2026,ATL,IND
01/31/2026,NOP,PHI
01/31/2026,MIN,MEM
01/31/2026,DAL,HOU
02/01/2026,MIL,BOS
02/01/2026,ORL,SAS
02/01/2026,BKN,DET
02/01/2026,CHI,MIA
02/01/2026,UTA,TOR
02/01/2026,SAC,WAS
02/01/2026,LAL,NYK
02/01/2026,LAC,PHX
02/01/2026,CLE,POR
02/01/2026,OKC,DEN
02/02/2026,NOP,CHA
02/02/2026,HOU,IND
02/02/2026,MIN,MEM
02/02/2026,PHI,LAC
02/03/2026,DEN,DET
02/03/2026,UTA,IND
02/03/2026,NYK,WAS
02/03/2026,LAL,BKN
02/03/2026,ATL,MIA
02/03/2026,BOS,DAL
02/03/2026,CHI,MIL
02/03/2026,ORL,OKC
02/03/2026,PHI,GSW
02/03/2026,PHX,POR
02/04/2026,DEN,NYK
02/04/2026,MIN,TOR
02/04/2026,BOS,HOU
02/04/2026,NOP,MIL
02/04/2026,OKC,SAS
02/04/2026,MEM,SAC
02/04/2026,CLE,LAC
02/05/2026,WAS,DET
02/05/2026,BKN,ORL
02/05/2026,UTA,ATL
02/05/2026,CHI,TOR
02/05/2026,CHA,HOU
02/05/2026,SAS,DAL
02/05/2026,GSW,PHX
02/05/2026,PHI,LAL
02/06/2026,MIA,BOS
02/06/2026,NYK,DET
02/06/2026,IND,MIL
02/06/2026,NOP,MIN
02/06/2026,MEM,POR
02/06/2026,LAC,SAC
02/07/2026,WAS,BKN
02/07/2026,HOU,OKC
02/07/2026,DAL,SAS
02/07/2026,UTA,ORL
02/07/2026,CHA,ATL
02/07/2026,DEN,CHI
02/07/2026,GSW,LAL
02/07/2026,PHI,PHX
02/07/2026,MEM,POR
02/07/2026,CLE,SAC
02/08/2026,NYK,BOS
02/08/2026,MIA,WAS
02/08/2026,IND,TOR
02/08/2026,LAC,MIN
02/09/2026,DET,CHA
02/09/2026,CHI,BKN
02/09/2026,UTA,MIA
02/09/2026,MIL,ORL
02/09/2026,ATL,MIN
02/09/2026,SAC,NOP
02/09/2026,CLE,DEN
02/09/2026,MEM,GSW
02/09/2026,OKC,LAL
02/09/2026,PHI,POR
02/10/2026,IND,NYK
02/10/2026,LAC,HOU
02/10/2026,DAL,PHX
02/10/2026,SAS,LAL
02/11/2026,ATL,CHA
02/11/2026,WAS,CLE
02/11/2026,MIL,ORL
02/11/2026,CHI,BOS
02/11/2026,IND,BKN
02/11/2026,NYK,PHI
02/11/2026,DET,TOR
02/11/2026,LAC,HOU
02/11/2026,POR,MIN
02/11/2026,MIA,NOP
02/11/2026,OKC,PHX
02/11/2026,SAC,UTA
02/11/2026,MEM,DEN
02/11/2026,SAS,GSW
02/12/2026,MIL,OKC
02/12/2026,POR,UTA
02/12/2026,DAL,LAL
02/13/2026,AUS,MEL
02/13/2026,VIN,TMC
02/13/2026,VIN,MEL
02/15/2026,WLD,STR
02/15/2026,STR,STP
02/15/2026,WLD,STP
02/15/2026,STR,STP
02/19/2026,HOU,CHA
02/19/2026,BKN,CLE
02/19/2026,ATL,PHI
02/19/2026,IND,WAS
02/19/2026,DET,NYK
02/19/2026,TOR,CHI
02/19/2026,PHX,SAS
02/19/2026,BOS,GSW
02/19/2026,ORL,SAC
02/19/2026,DEN,LAC
02/20/2026,CLE,CHA
02/20/2026,IND,WAS
02/20/2026,UTA,MEM
02/20/2026,MIA,ATL
02/20/2026,DAL,MIN
02/20/2026,MIL,NOP
02/20/2026,BKN,OKC
02/20/2026,LAC,LAL
02/20/2026,DEN,POR
02/21/2026,ORL,PHX
02/21/2026,PHI,NOP
02/21/2026,MEM,MIA
02/21/2026,DET,CHI
02/21/2026,SAC,SAS
02/21/2026,HOU,NYK
02/22/2026,CLE,OKC
02/22/2026,BKN,ATL
02/22/2026,TOR,MIL
02/22/2026,DEN,GSW
02/22/2026,DAL,IND
02/22/2026,CHA,WAS
02/22/2026,BOS,LAL
02/22/2026,PHI,MIN
02/22/2026,NYK,CHI
02/22/2026,POR,PHX
02/22/2026,ORL,LAC
02/23/2026,SAS,DET
02/23/2026,SAC,MEM
02/23/2026,UTA,HOU
02/24/2026,PHI,IND
02/24/2026,WAS,ATL
02/24/2026,DAL,BKN
02/24/2026,OKC,TOR
02/24/2026,NYK,CLE
02/24/2026,CHA,CHI
02/24/2026,MIA,MIL
02/24/2026,GSW,NOP
02/24/2026,BOS,PHX
02/24/2026,ORL,LAL
02/24/2026,MIN,POR
02/25/2026,OKC,DET
02/25/2026,SAS,TOR
02/25/2026,GSW,MEM
02/25/2026,SAC,HOU
02/25/2026,CLE,MIL
02/25/2026,BOS,DEN
02/26/2026,CHA,IND
02/26/2026,MIA,PHI
02/26/2026,WAS,ATL
02/26/2026,SAS,BKN
02/26/2026,HOU,ORL
02/26/2026,POR,CHI
02/26/2026,SAC,DAL
02/26/2026,LAL,PHX
02/26/2026,NOP,UTA
02/26/2026,MIN,LAC
02/27/2026,CLE,DET
02/27/2026,BKN,BOS
02/27/2026,NYK,MIL
02/27/2026,MEM,DAL
02/27/2026,DEN,OKC
02/28/2026,POR,CHA
02/28/2026,HOU,MIA
02/28/2026,TOR,WAS
02/28/2026,LAL,GSW
02/28/2026,NOP,UTA
03/01/2026,SAS,NYK
03/01/2026,CLE,BKN
03/01/2026,MIL,CHI
03/01/2026,MIN,DEN
03/01/2026,MEM,IND
03/01/2026,POR,ATL
03/01/2026,PHI,BOS
03/01/2026,DET,ORL
03/01/2026,OKC,DAL
03/01/2026,NOP,LAC
03/01/2026,SAC,LAL
03/02/2026,HOU,WAS
03/02/2026,BOS,MIL
03/02/2026,DEN,UTA
03/02/2026,LAC,GSW
03/03/2026,DAL,CHA
03/03/2026,DET,CLE
03/03/2026,WAS,ORL
03/03/2026,BKN,MIA
03/03/2026,NYK,TOR
03/03/2026,SAS,PHI
03/03/2026,OKC,CHI
03/03/2026,MEM,MIN
03/03/2026,NOP,LAL
03/03/2026,PHX,SAC
03/04/2026,OKC,NYK
03/04/2026,CHA,BOS
03/04/2026,UTA,PHI
03/04/2026,POR,MEM
03/04/2026,ATL,MIL
03/04/2026,IND,LAC
03/05/2026,DAL,ORL
03/05/2026,UTA,WAS
03/05/2026,BKN,MIA
03/05/2026,GSW,HOU
03/05/2026,TOR,MIN
03/05/2026,DET,SAS
03/05/2026,CHI,PHX
03/05/2026,LAL,DEN
03/05/2026,NOP,SAC
03/06/2026,DAL,BOS
03/06/2026,MIA,CHA
03/06/2026,POR,HOU
03/06/2026,NYK,DEN
03/06/2026,NOP,PHX
03/06/2026,LAC,SAS
03/06/2026,IND,LAL
03/07/2026,ORL,MIN
03/07/2026,BKN,DET
03/07/2026,PHI,ATL
03/07/2026,LAC,MEM
03/07/2026,UTA,MIL
03/07/2026,GSW,OKC
03/08/2026,BOS,CLE
03/08/2026,NYK,LAL
03/08/2026,DET,MIA
03/08/2026,DAL,TOR
03/08/2026,WAS,NOP
03/08/2026,ORL,MIL
03/08/2026,HOU,SAS
03/08/2026,CHA,PHX
03/08/2026,IND,POR
03/08/2026,CHI,SAC
03/09/2026,PHI,CLE
03/09/2026,MEM,BKN
03/09/2026,DEN,OKC
03/09/2026,GSW,UTA
03/09/2026,NYK,LAC
03/10/2026,MEM,PHI
03/10/2026,DET,BKN
03/10/2026,WAS,MIA
03/10/2026,DAL,ATL
03/10/2026,TOR,HOU
03/10/2026,PHX,MIL
03/10/2026,BOS,SAS
03/10/2026,CHI,GSW
03/10/2026,CHA,POR
03/10/2026,IND,SAC
03/10/2026,MIN,LAL
03/11/2026,CLE,ORL
03/11/2026,TOR,NOP
03/11/2026,NYK,UTA
03/11/2026,HOU,DEN
03/11/2026,CHA,SAC
03/11/2026,MIN,LAC
03/12/2026,PHI,DET
03/12/2026,PHX,IND
03/12/2026,WAS,ORL
03/12/2026,BKN,ATL
03/12/2026,MIL,MIA
03/12/2026,DEN,SAS
03/12/2026,BOS,OKC
03/12/2026,CHI,LAL
03/12/2026,DAL,MEM
03/13/2026,MEM,DET
03/13/2026,NYK,IND
03/13/2026,PHX,TOR
03/13/2026,NOP,HOU
03/13/2026,CLE,DAL
03/13/2026,MIN,GSW
03/13/2026,UTA,POR
03/13/2026,CHI,LAC
03/14/2026,BKN,PHI
03/14/2026,MIL,ATL
03/14/2026,WAS,BOS
03/14/2026,ORL,MIA
03/14/2026,CHA,SAS
03/14/2026,DEN,LAL
03/14/2026,SAC,LAC
03/15/2026,MIN,OKC
03/15/2026,DAL,CLE
03/15/2026,DET,TOR
03/15/2026,IND,MIL
03/15/2026,POR,PHI
03/15/2026,GSW,NYK
03/15/2026,UTA,SAC
03/16/2026,ORL,ATL
03/16/2026,GSW,WAS
03/16/2026,POR,BKN
03/16/2026,PHX,BOS
03/16/2026,MEM,CHI
03/16/2026,DAL,NOP
03/16/2026,LAL,HOU
03/16/2026,SAS,LAC
03/17/2026,MIA,CHA
03/17/2026,OKC,ORL
03/17/2026,DET,WAS
03/17/2026,IND,NYK
03/17/2026,CLE,MIL
03/17/2026,PHX,MIN
03/17/2026,PHI,DEN
03/17/2026,SAS,SAC
03/18/2026,DEN,MEM
03/18/2026,GSW,BOS
03/18/2026,OKC,BKN
03/18/2026,POR,IND
03/18/2026,TOR,CHI
03/18/2026,UTA,MIN
03/18/2026,LAC,NOP
03/18/2026,ATL,DAL
03/18/2026,LAL,HOU
03/19/2026,ORL,CHA
03/19/2026,DET,WAS
03/19/2026,LAL,MIA
03/19/2026,CLE,CHI
03/19/2026,LAC,NOP
03/19/2026,PHX,SAS
03/19/2026,MIL,UTA
03/19/2026,PHI,SAC
03/20/2026,NYK,BKN
03/20/2026,GSW,DET
03/20/2026,ATL,HOU
03/20/2026,BOS,MEM
03/20/2026,POR,MIN
03/20/2026,TOR,DEN
03/21/2026,OKC,WAS
03/21/2026,MEM,CHA
03/21/2026,LAL,ORL
03/21/2026,CLE,NOP
03/21/2026,GSW,ATL
03/21/2026,MIA,HOU
03/21/2026,IND,SAS
03/21/2026,LAC,DAL
03/21/2026,PHI,UTA
03/21/2026,MIL,PHX
03/22/2026,POR,DEN
03/22/2026,BKN,SAC
03/22/2026,WAS,NYK
03/22/2026,MIN,BOS
03/22/2026,TOR,PHX
03/23/2026,MEM,ATL
03/23/2026,LAL,DET
03/23/2026,IND,ORL
03/23/2026,OKC,PHI
03/23/2026,SAS,MIA
03/23/2026,HOU,CHI
03/23/2026,TOR,UTA
03/23/2026,GSW,DAL
03/23/2026,BKN,POR
03/23/2026,MIL,LAC
03/24/2026,SAC,CHA
03/24/2026,NOP,NYK
03/24/2026,ORL,CLE
03/24/2026,DEN,PHX
03/25/2026,ATL,DET
03/25/2026,LAL,IND
03/25/2026,CHI,PHI
03/25/2026,OKC,BOS
03/25/2026,MIA,CLE
03/25/2026,SAS,MEM
03/25/2026,WAS,UTA
03/25/2026,HOU,MIN
03/25/2026,DAL,DEN
03/25/2026,BKN,GSW
03/25/2026,MIL,POR
03/25/2026,TOR,LAC
03/26/2026,NYK,CHA
03/26/2026,NOP,DET
03/26/2026,SAC,ORL
03/27/2026,LAC,IND
03/27/2026,ATL,BOS
03/27/2026,MIA,CLE
03/27/2026,HOU,MEM
03/27/2026,CHI,OKC
03/27/2026,NOP,TOR
03/27/2026,UTA,DEN
03/27/2026,WAS,GSW
03/27/2026,DAL,POR
03/27/2026,BKN,LAL
03/28/2026,SAS,MIL
03/28/2026,PHI,CHA
03/28/2026,SAC,ATL
03/28/2026,CHI,MEM
03/28/2026,DET,MIN
03/28/2026,UTA,PHX
03/29/2026,LAC,MIL
03/29/2026,MIA,IND
03/29/2026,SAC,BKN
03/29/2026,BOS,CHA
03/29/2026,ORL,TOR
03/29/2026,WAS,POR
03/29/2026,HOU,NOP
03/29/2026,NYK,OKC
03/29/2026,GSW,DEN
03/30/2026,PHI,MIA
03/30/2026,BOS,ATL
03/30/2026,PHX,MEM
03/30/2026,CHI,SAS
03/30/2026,MIN,DAL
03/30/2026,CLE,UTA
03/30/2026,DET,OKC
03/30/2026,WAS,LAL
03/31/2026,DAL,MIL
03/31/2026,PHX,ORL
03/31/2026,CHA,BKN
03/31/2026,TOR,DET
03/31/2026,NYK,HOU
03/31/2026,CLE,LAL
03/31/2026,POR,LAC
04/01/2026,NYK,MEM
04/01/2026,PHI,WAS
04/01/2026,BOS,MIA
04/01/2026,ATL,ORL
04/01/2026,SAC,TOR
04/01/2026,IND,CHI
04/01/2026,MIL,HOU
04/01/2026,DEN,UTA
04/01/2026,SAS,GSW
04/02/2026,PHX,CHA
04/02/2026,MIN,DET
04/02/2026,LAL,OKC
04/02/2026,CLE,GSW
04/02/2026,NOP,POR
04/02/2026,SAS,LAC
04/03/2026,IND,CHA
04/03/2026,MIN,PHI
04/03/2026,ATL,BKN
04/03/2026,CHI,NYK
04/03/2026,UTA,HOU
04/03/2026,TOR,MEM
04/03/2026,BOS,MIL
04/03/2026,ORL,DAL
04/03/2026,NOP,SAC
04/04/2026,WAS,MIA
04/04/2026,SAS,DEN
04/04/2026,DET,PHI
04/05/2026,TOR,BOS
04/05/2026,WAS,BKN
04/05/2026,PHX,CHI
04/05/2026,MEM,MIL
04/05/2026,IND,CLE
04/05/2026,CHA,MIN
04/05/2026,ORL,NOP
04/05/2026,UTA,OKC
04/05/2026,LAL,DAL
04/05/2026,LAC,SAC
04/05/2026,HOU,GSW
04/06/2026,NYK,ATL
04/06/2026,DET,ORL
04/06/2026,CLE,MEM
04/06/2026,PHI,SAS
04/06/2026,POR,DEN
04/07/2026,CHI,WAS
04/07/2026,CHA,BOS
04/07/2026,MIL,BKN
04/07/2026,MIA,TOR
04/07/2026,MIN,IND
04/07/2026,UTA,NOP
04/07/2026,SAC,GSW
04/07/2026,OKC,LAL
04/07/2026,DAL,LAC
04/07/2026,HOU,PHX
04/08/2026,ATL,CLE
04/08/2026,MIN,ORL
04/08/2026,MIL,DET
04/08/2026,POR,SAS
04/08/2026,MEM,DEN
04/08/2026,OKC,LAC
04/08/2026,DAL,PHX
04/09/2026,MIA,TOR
04/09/2026,CHI,WAS
04/09/2026,IND,BKN
04/09/2026,BOS,NYK
04/09/2026,PHI,HOU
04/09/2026,LAL,GSW
04/10/2026,DET,CHA
04/10/2026,MIA,WAS
04/10/2026,CLE,ATL
04/10/2026,NOP,BOS
04/10/2026,PHI,IND
04/10/2026,TOR,NYK
04/10/2026,ORL,CHI
04/10/2026,MIN,HOU
04/10/2026,BKN,MIL
04/10/2026,DAL,SAS
04/10/2026,MEM,UTA
04/10/2026,OKC,DEN
04/10/2026,LAC,POR
04/10/2026,GSW,SAC
04/10/2026,PHX,LAL
04/12/2026,ORL,BOS
04/12/2026,WAS,CLE
04/12/2026,DET,IND
04/12/2026,ATL,MIA
04/12/2026,CHA,NYK
04/12/2026,MIL,PHI
04/12/2026,BKN,TOR
04/12/2026,CHI,DAL
04/12/2026,MEM,HOU
04/12/2026,NOP,MIN
04/12/2026,PHX,OKC
04/12/2026,DEN,SAS
04/12/2026,UTA,LAL
04/12/2026,GSW,LAC
04/12/2026,SAC,POR
04/14/2026,nan,nan
04/14/2026,nan,nan
04/15/2026,nan,nan
04/15/2026,nan,nan
04/17/2026,nan,nan
04/17/2026,nan,nan
06/03/2026,nan,nan
06/05/2026,nan,nan
06/08/2026,nan,nan
06/10/2026,nan,nan
06/13/2026,nan,nan
06/16/2026,nan,nan
06/19/2026,nan,nan
10/02/2025,PHI,NYK
10/03/2025,PHX,LAL
10/03/2025,MEL,NOP
10/04/2025,NYK,PHI
10/04/2025,SEM,NOP
10/04/2025,HAP,BKN
10/04/2025,ORL,MIA
10/04/2025,MIN,DEN
10/05/2025,OKC,CHA
10/05/2025,LAL,GSW
10/06/2025,MIL,MIA
10/06/2025,ATL,HOU
10/06/2025,DET,MEM
10/06/2025,GUA,SAS
10/06/2025,OKC,DAL
10/06/2025,DEN,TOR
10/07/2025,CHI,CLE
10/07/2025,IND,MIN
10/08/2025,SAS,MIA
10/08/2025,POR,GSW
10/08/2025,TOR,SAC
10/08/2025,UTA,HOU
10/08/2025,BOS,MEM
10/09/2025,MIN,NYK
10/09/2025,CLE,CHI
10/09/2025,DET,MIL
10/09/2025,CHA,OKC
10/09/2025,GUA,LAC
10/10/2025,PHX,BKN
10/10/2025,SAC,POR
10/10/2025,BOS,TOR
10/10/2025,UTA,SAS
10/10/2025,ORL,PHI
10/11/2025,ATL,MEM
10/11/2025,OKC,IND
10/11/2025,CHA,DAL
10/12/2025,GSW,LAL
10/12/2025,BKN,PHX
10/12/2025,TOR,WAS
10/12/2025,MIA,ORL
10/12/2025,CLE,BOS
10/12/2025,MIL,CHI
10/12/2025,DEN,LAC
10/13/2025,MIA,ATL
10/13/2025,SAS,IND
10/13/2025,WAS,NYK
10/13/2025,GUA,MIN
10/13/2025,DAL,UTA
10/14/2025,HOU,NOP
10/14/2025,GSW,POR
10/14/2025,DET,CLE
10/14/2025,OKC,MIL
10/14/2025,CHI,DEN
10/14/2025,LAL,PHX
10/15/2025,DAL,LAL
10/15/2025,LAC,SAC
10/15/2025,MEM,CHA
10/15/2025,TOR,BOS
10/16/2025,NOP,ORL
10/16/2025,HOU,ATL
10/16/2025,POR,UTA
10/16/2025,WAS,DET
10/16/2025,MIN,CHI
10/17/2025,MEM,MIA
10/17/2025,SAC,LAL
10/17/2025,BKN,TOR
10/17/2025,CHA,NYK
10/17/2025,DEN,OKC
10/17/2025,IND,SAS
10/17/2025,LAC,GSW
10/17/2025,MIN,PHI
10/21/2025,HOU,OKC
10/21/2025,GSW,LAL
10/22/2025,CLE,NYK
10/22/2025,SAS,DAL
10/22/2025,BKN,CHA
10/22/2025,MIA,ORL
10/22/2025,TOR,ATL
10/22/2025,PHI,BOS
10/22/2025,DET,CHI
10/22/2025,NOP,MEM
10/22/2025,WAS,MIL
10/22/2025,LAC,UTA
10/22/2025,SAC,PHX
10/22/2025,MIN,POR
10/23/2025,OKC,IND
10/23/2025,DEN,GSW
10/24/2025,BOS,NYK
10/24/2025,MIN,LAL
10/24/2025,ATL,ORL
10/24/2025,CLE,BKN
10/24/2025,MIL,TOR
10/24/2025,DET,HOU
10/24/2025,MIA,MEM
10/24/2025,SAS,NOP
10/24/2025,WAS,DAL
10/24/2025,GSW,POR
10/24/2025,UTA,SAC
10/24/2025,PHX,LAC
10/25/2025,CHI,ORL
10/25/2025,OKC,ATL
10/25/2025,CHA,PHI
10/25/2025,IND,MEM
10/25/2025,PHX,DEN
10/26/2025,BKN,SAS
10/26/2025,BOS,DET
10/26/2025,MIL,CLE
10/26/2025,NYK,MIA
10/26/2025,CHA,WAS
10/26/2025,IND,MIN
10/26/2025,TOR,DAL
10/26/2025,POR,LAC
10/26/2025,LAL,SAC
10/27/2025,CLE,DET
10/27/2025,DEN,MIN
10/27/2025,ORL,PHI
10/27/2025,ATL,CHI
10/27/2025,BKN,HOU
10/27/2025,BOS,NOP
10/27/2025,TOR,SAS
10/27/2025,OKC,DAL
10/27/2025,PHX,UTA
10/27/2025,MEM,GSW
10/27/2025,POR,LAL
10/28/2025,PHI,WAS
10/28/2025,CHA,MIA
10/28/2025,NYK,MIL
10/28/2025,SAC,OKC
10/28/2025,LAC,GSW
10/29/2025,CLE,BOS
10/29/2025,ORL,DET
10/29/2025,ATL,BKN
10/29/2025,HOU,TOR
10/29/2025,SAC,CHI
10/29/2025,IND,DAL
10/29/2025,NOP,DEN
10/29/2025,POR,UTA
10/29/2025,LAL,MIN
10/29/2025,MEM,PHX
10/30/2025,ORL,CHA
10/30/2025,GSW,MIL
10/30/2025,WAS,OKC
10/30/2025,MIA,SAS
10/31/2025,ATL,IND
10/31/2025,BOS,PHI
10/31/2025,TOR,CLE
10/31/2025,NYK,CHI
10/31/2025,LAL,MEM
10/31/2025,UTA,PHX
10/31/2025,DEN,POR
10/31/2025,NOP,LAC
11/01/2025,SAC,MIL
11/01/2025,MIN,CHA
11/01/2025,GSW,IND
11/01/2025,ORL,WAS
11/01/2025,HOU,BOS
11/01/2025,DAL,DET
11/02/2025,NOP,OKC
11/02/2025,PHI,BKN
11/02/2025,UTA,CHA
11/02/2025,ATL,CLE
11/02/2025,MEM,TOR
11/02/2025,CHI,NYK
11/02/2025,SAS,PHX
11/02/2025,MIA,LAL
11/03/2025,MIN,BKN
11/03/2025,MIL,IND
11/03/2025,UTA,BOS
11/03/2025,WAS,NYK
11/03/2025,DAL,HOU
11/03/2025,DET,MEM
11/03/2025,SAC,DEN
11/03/2025,LAL,POR
11/03/2025,MIA,LAC
11/04/2025,MIL,TOR
11/04/2025,ORL,ATL
11/04/2025,PHI,CHI
11/04/2025,CHA,NOP
11/04/2025,PHX,GSW
11/04/2025,OKC,LAC
11/05/2025,PHI,CLE
11/05/2025,UTA,DET
11/05/2025,BKN,IND
11/05/2025,WAS,BOS
11/05/2025,MIN,NYK
11/05/2025,HOU,MEM
11/05/2025,NOP,DAL
11/05/2025,MIA,DEN
11/05/2025,SAS,LAL
11/05/2025,OKC,POR
11/05/2025,GSW,SAC
11/06/2025,LAC,PHX
11/07/2025,BOS,ORL
11/07/2025,CLE,WAS
11/07/2025,TOR,ATL
11/07/2025,DET,BKN
11/07/2025,HOU,SAS
11/07/2025,CHA,MIA
11/07/2025,DAL,MEM
11/07/2025,CHI,MIL
11/07/2025,UTA,MIN
11/07/2025,GSW,DEN
11/07/2025,OKC,SAC
11/08/2025,DAL,WAS
11/08/2025,TOR,PHI
11/08/2025,LAL,ATL
11/08/2025,CHI,CLE
11/08/2025,POR,MIA
11/08/2025,NOP,SAS
11/08/2025,IND,DEN
11/08/2025,PHX,LAC
11/09/2025,HOU,MIL
11/09/2025,BKN,NYK
11/09/2025,BOS,ORL
11/09/2025,OKC,MEM
11/09/2025,DET,PHI
11/09/2025,IND,GSW
11/09/2025,MIN,SAC
11/10/2025,LAL,CHA
11/10/2025,WAS,DET
11/10/2025,POR,ORL
11/10/2025,CLE,MIA
11/10/2025,SAS,CHI
11/10/2025,MIL,DAL
11/10/2025,NOP,PHX
11/10/2025,MIN,UTA
11/10/2025,ATL,LAC
11/11/2025,TOR,BKN
11/11/2025,MEM,NYK
11/11/2025,BOS,PHI
11/11/2025,GSW,OKC
11/11/2025,IND,UTA
11/11/2025,DEN,SAC
11/12/2025,MIL,CHA
11/12/2025,CHI,DET
11/12/2025,ORL,NYK
11/12/2025,MEM,BOS
11/12/2025,CLE,MIA
11/12/2025,WAS,HOU
11/12/2025,POR,NOP
11/12/2025,GSW,SAS
11/12/2025,PHX,DAL
11/12/2025,LAL,OKC
11/12/2025,ATL,SAC
11/12/2025,DEN,LAC
11/13/2025,TOR,CLE
11/13/2025,IND,PHX
11/13/2025,ATL,UTA
11/14/2025,MIA,NYK
11/14/2025,BKN,ORL
11/14/2025,PHI,DET
11/14/2025,POR,HOU
11/14/2025,CHA,MIL
11/14/2025,SAC,MIN
11/14/2025,LAL,NOP
11/14/2025,LAC,DAL
11/14/2025,GSW,SAS
11/15/2025,MEM,CLE
11/15/2025,OKC,CHA
11/15/2025,TOR,IND
11/15/2025,LAL,MIL
11/15/2025,DEN,MIN
11/16/2025,LAC,BOS
11/16/2025,SAC,SAS
11/16/2025,BKN,WAS
11/16/2025,ORL,HOU
11/16/2025,GSW,NOP
11/16/2025,POR,DAL
11/16/2025,ATL,PHX
11/16/2025,CHI,UTA
11/17/2025,MIL,CLE
11/17/2025,IND,DET
11/17/2025,LAC,PHI
11/17/2025,NYK,MIA
11/17/2025,CHA,TOR
11/17/2025,DAL,MIN
11/17/2025,OKC,NOP
11/17/2025,CHI,DEN
11/18/2025,GSW,ORL
11/18/2025,BOS,BKN
11/18/2025,DET,ATL
11/18/2025,MEM,SAS
11/18/2025,UTA,LAL
11/18/2025,PHX,POR
11/19/2025,HOU,CLE
11/19/2025,CHA,IND
11/19/2025,GSW,MIA
11/19/2025,TOR,PHI
11/19/2025,WAS,MIN
11/19/2025,DEN,NOP
11/19/2025,SAC,OKC
11/19/2025,NYK,DAL
11/19/2025,CHI,POR
11/20/2025,LAC,ORL
11/20/2025,SAC,MEM
11/20/2025,PHI,MIL
11/20/2025,ATL,SAS
11/21/2025,IND,CLE
11/21/2025,BKN,BOS
11/21/2025,WAS,TOR
11/21/2025,MIA,CHI
11/21/2025,NOP,DAL
11/21/2025,MIN,PHX
11/21/2025,DEN,HOU
11/21/2025,OKC,UTA
11/21/2025,POR,GSW
11/22/2025,LAC,CHA
11/22/2025,NYK,ORL
11/22/2025,ATL,NOP
11/22/2025,WAS,CHI
11/22/2025,DET,MIL
11/22/2025,MEM,DAL
11/22/2025,SAC,DEN
11/23/2025,MIA,PHI
11/23/2025,CHA,ATL
11/23/2025,ORL,BOS
11/23/2025,LAC,CLE
11/23/2025,BKN,TOR
11/23/2025,POR,OKC
11/23/2025,SAS,PHX
11/23/2025,LAL,UTA
11/24/2025,DET,IND
11/24/2025,CLE,TOR
11/24/2025,NYK,BKN
11/24/2025,DAL,MIA
11/24/2025,DEN,MEM
11/24/2025,POR,MIL
11/24/2025,CHI,NOP
11/24/2025,HOU,PHX
11/24/2025,UTA,GSW
11/24/2025,MIN,SAC
11/25/2025,ATL,WAS
11/25/2025,ORL,PHI
11/25/2025,LAC,LAL
11/26/2025,DET,BOS
11/26/2025,NYK,CHA
11/26/2025,MIL,MIA
11/26/2025,IND,TOR
11/26/2025,MIN,OKC
11/26/2025,MEM,NOP
11/26/2025,HOU,GSW
11/26/2025,SAS,POR
11/26/2025,PHX,SAC
11/28/2025,CLE,ATL
11/28/2025,PHI,BKN
11/28/2025,CHI,CHA
11/28/2025,ORL,DET
11/28/2025,WAS,IND
11/28/2025,MIL,NYK
11/28/2025,PHX,OKC
11/28/2025,SAS,DEN
11/28/2025,SAC,UTA
11/28/2025,DAL,LAL
11/28/2025,MEM,LAC
11/29/2025,BOS,MIN
11/29/2025,TOR,CHA
11/29/2025,CHI,IND
11/29/2025,DET,MIA
11/29/2025,BKN,MIL
11/29/2025,NOP,GSW
11/29/2025,DEN,PHX
11/29/2025,DAL,LAC
11/30/2025,HOU,UTA
11/30/2025,BOS,CLE
11/30/2025,TOR,NYK
11/30/2025,ATL,PHI
11/30/2025,OKC,POR
11/30/2025,SAS,MIN
11/30/2025,MEM,SAC
11/30/2025,NOP,LAL
12/01/2025,ATL,DET
12/01/2025,CLE,IND
12/01/2025,MIL,WAS
12/01/2025,CHA,BKN
12/01/2025,LAC,MIA
12/01/2025,CHI,ORL
12/01/2025,DAL,DEN
12/01/2025,HOU,UTA
12/01/2025,PHX,LAL
12/02/2025,WAS,PHI
12/02/2025,POR,TOR
12/02/2025,NYK,BOS
12/02/2025,MIN,NOP
12/02/2025,MEM,SAS
12/02/2025,OKC,GSW
12/03/2025,POR,CLE
12/03/2025,DEN,IND
12/03/2025,SAS,ORL
12/03/2025,LAC,ATL
12/03/2025,CHA,NYK
12/03/2025,BKN,CHI
12/03/2025,SAC,HOU
12/03/2025,DET,MIL
12/03/2025,MIA,DAL
12/04/2025,GSW,PHI
12/04/2025,BOS,WAS
12/04/2025,UTA,BKN
12/04/2025,LAL,TOR
12/04/2025,MIN,NOP
12/05/2025,LAL,BOS
12/05/2025,MIA,ORL
12/05/2025,DEN,ATL
12/05/2025,SAS,CLE
12/05/2025,POR,DET
12/05/2025,UTA,NYK
12/05/2025,CHA,TOR
12/05/2025,IND,CHI
12/05/2025,PHX,HOU
12/05/2025,LAC,MEM
12/05/2025,PHI,MIL
12/05/2025,DAL,OKC
12/06/2025,NOP,BKN
12/06/2025,ATL,WAS
12/06/2025,GSW,CLE
12/06/2025,MIL,DET
12/06/2025,SAC,MIA
12/06/2025,LAC,MIN
12/06/2025,HOU,DAL
12/07/2025,ORL,NYK
12/07/2025,BOS,TOR
12/07/2025,DEN,CHA
12/07/2025,POR,MEM
12/07/2025,GSW,CHI
12/07/2025,LAL,PHI
12/07/2025,OKC,UTA
12/08/2025,SAC,IND
12/08/2025,PHX,MIN
12/08/2025,SAS,NOP
12/09/2025,MIA,ORL
12/09/2025,NYK,TOR
12/10/2025,PHX,OKC
12/10/2025,SAS,LAL
12/11/2025,LAC,HOU
12/11/2025,BOS,MIL
12/11/2025,POR,NOP
12/11/2025,DEN,SAC
12/12/2025,CHI,CHA
12/12/2025,ATL,DET
12/12/2025,IND,PHI
12/12/2025,CLE,WAS
12/12/2025,UTA,MEM
12/12/2025,BKN,DAL
12/12/2025,MIN,GSW
12/13/2025,NYK,ORL
12/13/2025,SAS,OKC
12/14/2025,WAS,IND
12/14/2025,PHI,ATL
12/14/2025,CHA,CLE
12/14/2025,MIL,BKN
12/14/2025,SAC,MIN
12/14/2025,GSW,POR
12/14/2025,NOP,CHI
12/14/2025,LAL,PHX
12/15/2025,DET,BOS
12/15/2025,DAL,UTA
12/15/2025,HOU,DEN
12/15/2025,MEM,LAC
12/15/2025,TOR,MIA
12/16/2025,SAS,NYK
12/17/2025,CLE,CHI
12/17/2025,MEM,MIN
12/18/2025,LAC,OKC
12/18/2025,WAS,SAS
12/18/2025,ATL,CHA
12/18/2025,NYK,IND
12/18/2025,MIA,BKN
12/18/2025,TOR,MIL
12/18/2025,HOU,NOP
12/18/2025,DET,DAL
12/18/2025,ORL,DEN
12/18/2025,GSW,PHX
12/18/2025,LAL,UTA
12/18/2025,SAC,POR
12/19/2025,MIA,BOS
12/19/2025,PHI,NYK
12/19/2025,SAS,ATL
12/19/2025,CHI,CLE
12/19/2025,OKC,MIN
12/20/2025,HOU,DEN
12/20/2025,DAL,PHI
12/20/2025,BOS,TOR
12/20/2025,IND,NOP
12/20/2025,CHA,DET
12/20/2025,WAS,MEM
12/20/2025,PHX,GSW
12/20/2025,ORL,UTA
12/20/2025,POR,SAC
12/20/2025,LAL,LAC
12/21/2025,CHI,ATL
12/21/2025,TOR,BKN
12/21/2025,MIA,NYK
12/21/2025,SAS,WAS
12/21/2025,MIL,MIN
12/21/2025,HOU,SAC
12/22/2025,CHA,CLE
12/22/2025,IND,BOS
12/22/2025,DAL,NOP
12/22/2025,UTA,DEN
12/22/2025,MEM,OKC
12/22/2025,ORL,GSW
12/22/2025,DET,POR
12/23/2025,WAS,CHA
12/23/2025,BKN,PHI
12/23/2025,CHI,ATL
12/23/2025,NOP,CLE
12/23/2025,MIL,IND
12/23/2025,TOR,MIA
12/23/2025,DEN,DAL
12/23/2025,NYK,MIN
12/23/2025,OKC,SAS
12/23/2025,LAL,PHX
12/23/2025,MEM,UTA
12/23/2025,ORL,POR
12/23/2025,DET,SAC
12/23/2025,HOU,LAC
12/25/2025,CLE,NYK
12/25/2025,SAS,OKC
12/25/2025,DAL,GSW
12/25/2025,HOU,LAL
12/25/2025,MIN,DEN
12/26/2025,MIA,ATL
12/26/2025,CHA,ORL
12/26/2025,TOR,WAS
12/26/2025,BOS,IND
12/26/2025,PHI,CHI
12/26/2025,MIL,MEM
12/26/2025,PHX,NOP
12/26/2025,DET,UTA
12/26/2025,LAC,POR
12/27/2025,DAL,SAC
12/27/2025,DEN,ORL
12/27/2025,PHX,NOP
12/27/2025,NYK,ATL
12/27/2025,IND,MIA
12/27/2025,MIL,CHI
12/27/2025,CLE,HOU
12/27/2025,BKN,MIN
12/27/2025,UTA,SAS
12/28/2025,GSW,TOR
12/28/2025,PHI,OKC
12/28/2025,MEM,WAS
12/28/2025,BOS,POR
12/28/2025,DET,LAC
12/28/2025,SAC,LAL
12/29/2025,MIL,CHA
12/29/2025,PHX,WAS
12/29/2025,GSW,BKN
12/29/2025,DEN,MIA
12/29/2025,ORL,TOR
12/29/2025,MIN,CHI
12/29/2025,IND,HOU
12/29/2025,NYK,NOP
12/29/2025,ATL,OKC
12/29/2025,CLE,SAS
12/29/2025,DAL,POR
12/30/2025,PHI,MEM
12/30/2025,BOS,UTA
12/30/2025,DET,LAL
12/30/2025,SAC,LAC
12/31/2025,GSW,CHA
12/31/2025,MIN,ATL
12/31/2025,ORL,IND
12/31/2025,PHX,CLE
12/31/2025,NOP,CHI
12/31/2025,NYK,SAS
12/31/2025,DEN,TOR
12/31/2025,WAS,MIL
12/31/2025,POR,OKC
